t_c,p_dbar,pH,H+  (nmol/KgSW),fCO2 out (matm),pCO2 out (matm),HCO3 out (mmol/kgSW),CO3 out (mmol/kgSW),CO2 out (mmol/kgSW),B Alk out (mmol/kgSW),OH out (mmol/kgSW),P Alk out (mmol/kgSW),Si Alk out (mmol/kgSW),Revelle out,WCa out,WAr out,xCO2 out (dry at 1 atm) (ppm),s,SubFlag,long,lat
-1.28,2,8.041,9.1,377.6,379.3258261,2012.0,80.9,25.4,44.6,0.5,0.0,0.0,16.383,1.96,1.23,381.4,32.499,Phosp Set to 0. Si Set to 0. ,-64.68288,60.8306
-1.095,20,8.115,7.7,317.1,318.5089143,2005.7,96.8,21.1,52.5,0.6,0.0,0.0,15.098,2.34,1.46,320.3,32.622,Phosp Set to 0. Si Set to 0. ,-64.68288,60.8306
-0.848,40,8.022,9.5,397.9,399.6727248,2028.1,79.9,26.2,44.0,0.5,0.0,0.0,16.519,1.92,1.20,401.9,32.702,Phosp Set to 0. Si Set to 0. ,-64.68288,60.8306
-0.685,60,8.018,9.6,399.9,401.729872,2024.8,80.0,26.2,44.1,0.5,0.0,0.0,16.485,1.91,1.20,404.0,32.778,Phosp Set to 0. Si Set to 0. ,-64.68288,60.8306
-0.742,100,8.026,9.4,390.2,391.9107021,2022.2,81.6,25.6,45.2,0.5,0.0,0.0,16.323,1.93,1.21,394.1,32.878,Phosp Set to 0. Si Set to 0. ,-64.68288,60.8306
1.062,201,8.009,9.8,407.3,409.0351686,2028.5,87.3,24.8,48.2,0.6,0.0,0.0,15.771,2.02,1.27,411.7,33.766,Phosp Set to 0. Si Set to 0. ,-64.68288,60.8306
2.156,382,8.042,9.1,373.2,374.750825,2029.1,100.7,21.7,55.1,0.7,0.0,0.0,14.749,2.23,1.41,377.4,34.155,Phosp Set to 0. Si Set to 0. ,-64.68288,60.8306
-1.194,2,8.066,8.6,355.2,356.7593781,2003.6,86.4,23.7,47.8,0.5,0.0,0.0,15.837,2.09,1.31,358.7,32.902,Phosp Set to 0. Si Set to 0. ,-64.8192,61.15014
-0.899,20,8.081,8.3,341.9,343.4329761,1995.3,90.5,22.5,50.0,0.5,0.0,0.0,15.461,2.18,1.37,345.3,33.009,Phosp Set to 0. Si Set to 0. ,-64.8192,61.15014
-0.242,50,8.053,8.9,367.7,369.284095,2009.3,88.3,23.6,48.7,0.5,0.0,0.0,15.676,2.11,1.32,371.4,33.169,Phosp Set to 0. Si Set to 0. ,-64.8192,61.15014
0.219,61,8.058,8.7,363.1,364.687687,2003.5,91.3,22.9,50.3,0.6,0.0,0.0,15.393,2.18,1.37,366.9,33.357,Phosp Set to 0. Si Set to 0. ,-64.8192,61.15014
0.635,100,8.032,9.3,385.4,387.0642954,2005.4,88.4,23.8,49.0,0.6,0.0,0.0,15.590,2.09,1.31,389.5,33.627,Phosp Set to 0. Si Set to 0. ,-64.8192,61.15014
3.019,202,7.995,10.1,428.4,430.2435991,2035.0,93.0,24.1,50.6,0.7,0.0,0.0,15.307,2.14,1.35,433.4,34.307,Phosp Set to 0. Si Set to 0. ,-64.8192,61.15014
4.036,411,7.985,10.4,433.9,435.6657025,2042.4,97.1,23.5,52.8,0.8,0.0,0.0,15.000,2.14,1.35,439.1,34.643,Phosp Set to 0. Si Set to 0. ,-64.8192,61.15014
-1.046,2,8.117,7.6,315.0,316.3928579,1993.6,96.9,20.9,52.9,0.6,0.0,0.0,15.017,2.35,1.47,318.1,32.745,Phosp Set to 0. Si Set to 0. ,-69.61486,62.04042
-1.043,10,8.101,7.9,325.7,327.1450986,1992.1,93.6,21.6,51.4,0.5,0.0,0.0,15.241,2.26,1.42,328.9,32.775,Phosp Set to 0. Si Set to 0. ,-69.61486,62.04042
-0.974,20,8.095,8.0,329.8,331.2604724,1991.2,92.7,21.8,51.1,0.5,0.0,0.0,15.289,2.24,1.40,333.1,32.842,Phosp Set to 0. Si Set to 0. ,-69.61486,62.04042
-1.045,40,8.115,7.7,314.2,315.6030937,1991.0,96.9,20.9,53.2,0.6,0.0,0.0,14.983,2.33,1.46,317.3,32.852,Phosp Set to 0. Si Set to 0. ,-69.61486,62.04042
-1.11,60,8.103,7.9,324.5,325.9467932,2003.5,94.6,21.6,51.9,0.5,0.0,0.0,15.211,2.26,1.42,327.7,32.862,Phosp Set to 0. Si Set to 0. ,-69.61486,62.04042
-1.094,80,8.072,8.5,349.2,350.7912464,2013.5,88.8,23.2,49.0,0.5,0.0,0.0,15.697,2.12,1.32,352.7,32.878,Phosp Set to 0. Si Set to 0. ,-69.61486,62.04042
-0.956,100,8.009,9.8,405.9,407.7630352,2026.9,78.1,26.8,43.6,0.4,0.0,0.0,16.616,1.85,1.16,410.0,33.014,Phosp Set to 0. Si Set to 0. ,-69.61486,62.04042
-0.972,125,8.092,8.1,329.8,331.2470282,1999.6,93.6,21.8,51.9,0.5,0.0,0.0,15.232,2.21,1.38,333.1,33.095,Phosp Set to 0. Si Set to 0. ,-69.61486,62.04042
-0.494,150,8.061,8.7,357.3,358.9060794,2017.5,90.3,23.1,49.9,0.5,0.0,0.0,15.555,2.11,1.33,361.0,33.257,Phosp Set to 0. Si Set to 0. ,-69.61486,62.04042
0.283,200,8.047,9.0,369.4,371.0209338,2019.2,91.3,23.2,50.5,0.6,0.0,0.0,15.448,2.11,1.33,373.3,33.54,Phosp Set to 0. Si Set to 0. ,-69.61486,62.04042
0.849,277,8.006,9.9,407.9,409.6764313,2038.4,86.8,25.0,48.0,0.6,0.0,0.0,15.859,1.97,1.24,412.3,33.755,Phosp Set to 0. Si Set to 0. ,-69.61486,62.04042
-1.652,2,7.958,11.0,467.0,469.1124678,2060.4,67.3,31.8,37.1,0.4,0.0,0.0,17.823,1.63,1.02,471.6,32.45,Phosp Set to 0. Si Set to 0. ,-78.61948,64.22208
-1.671,20,7.989,10.3,432.7,434.6481617,2054.1,72.0,29.5,39.6,0.4,0.0,0.0,17.377,1.74,1.09,436.9,32.451,Phosp Set to 0. Si Set to 0. ,-78.61948,64.22208
-1.662,40,7.986,10.3,434.0,435.9886075,2050.1,71.5,29.6,39.5,0.4,0.0,0.0,17.400,1.72,1.08,438.3,32.456,Phosp Set to 0. Si Set to 0. ,-78.61948,64.22208
-1.539,80,7.975,10.6,444.8,446.8283585,2059.9,70.9,30.2,39.1,0.4,0.0,0.0,17.487,1.69,1.06,449.2,32.545,Phosp Set to 0. Si Set to 0. ,-78.61948,64.22208
-1.445,140,7.973,10.6,449.9,451.9617441,2086.1,72.5,30.3,39.8,0.4,0.0,0.0,17.431,1.71,1.07,454.4,32.857,Phosp Set to 0. Si Set to 0. ,-78.61948,64.22208
-1.459,200,7.909,12.3,522.8,525.2005301,2107.0,63.5,35.3,35.1,0.3,0.0,0.0,18.292,1.47,0.92,528.0,32.872,Phosp Set to 0. Si Set to 0. ,-78.61948,64.22208
-1.469,259,7.960,11.0,456.7,458.8045445,2083.8,70.8,30.8,39.3,0.4,0.0,0.0,17.554,1.62,1.02,461.3,32.878,Phosp Set to 0. Si Set to 0. ,-78.61948,64.22208
-1.406,2,8.044,9.0,382.0,383.7294888,2051.3,82.4,25.8,44.5,0.5,0.0,0.0,16.490,2.00,1.25,385.8,32.37747562,Phosp Set to 0. Si Set to 0. ,-79.92208,63.72032
-1.441,10,8.036,9.2,388.8,390.5477447,2048.9,80.8,26.3,43.9,0.4,0.0,0.0,16.601,1.96,1.22,392.6,32.468,Phosp Set to 0. Si Set to 0. ,-79.92208,63.72032
-1.43,20,8.006,9.9,417.9,419.7911308,2057.9,75.8,28.2,41.4,0.4,0.0,0.0,17.058,1.83,1.15,422.0,32.497,Phosp Set to 0. Si Set to 0. ,-79.92208,63.72032
-1.362,40,7.972,10.7,453.0,455.0323695,2067.4,70.9,30.5,38.8,0.4,0.0,0.0,17.522,1.71,1.07,457.5,32.559,Phosp Set to 0. Si Set to 0. ,-79.92208,63.72032
-1.346,60,7.814,15.3,652.1,655.0140483,2074.3,49.6,43.9,27.9,0.3,0.0,0.0,19.194,1.19,0.74,658.5,32.567,Phosp Set to 0. Si Set to 0. ,-79.92208,63.72032
-1.35,80,8.005,9.9,414.0,415.8378178,2050.0,76.2,27.9,41.9,0.4,0.0,0.0,16.972,1.82,1.14,418.1,32.566,Phosp Set to 0. Si Set to 0. ,-79.92208,63.72032
-1.347,92,7.947,11.3,478.3,480.428955,2073.3,67.4,32.2,37.1,0.4,0.0,0.0,17.846,1.61,1.00,483.0,32.569,Phosp Set to 0. Si Set to 0. ,-79.92208,63.72032
-1.306,2,8.059,8.7,367.9,369.5634593,2039.8,84.9,24.8,45.8,0.5,0.0,0.0,16.235,2.06,1.29,371.6,32.3,Phosp Set to 0. Si Set to 0. ,-79.44148,63.44586
-1.305,10,8.040,9.1,383.7,385.4263967,2038.0,81.2,25.8,44.1,0.5,0.0,0.0,16.525,1.97,1.23,387.5,32.3,Phosp Set to 0. Si Set to 0. ,-79.44148,63.44586
-1.55,20,8.036,9.2,386.2,387.9272267,2042.4,80.0,26.2,43.6,0.4,0.0,0.0,16.649,1.94,1.21,390.0,32.304,Phosp Set to 0. Si Set to 0. ,-79.44148,63.44586
-1.609,40,8.024,9.5,397.7,399.464754,2049.0,78.0,27.1,42.5,0.4,0.0,0.0,16.857,1.88,1.17,401.6,32.321,Phosp Set to 0. Si Set to 0. ,-79.44148,63.44586
-1.605,60,8.000,10.0,420.4,422.3331597,2056.8,74.3,28.6,40.6,0.4,0.0,0.0,17.209,1.78,1.11,424.6,32.343,Phosp Set to 0. Si Set to 0. ,-79.44148,63.44586
-1.495,120,8.007,9.8,411.2,413.0478227,2055.8,76.4,27.8,42.0,0.4,0.0,0.0,16.993,1.81,1.13,415.3,32.523,Phosp Set to 0. Si Set to 0. ,-79.44148,63.44586
-0.962,193,7.955,11.1,462.8,464.8906506,2059.9,70.0,30.6,38.8,0.4,0.0,0.0,17.535,1.63,1.02,467.5,32.668,Phosp Set to 0. Si Set to 0. ,-79.44148,63.44586
-1.646,2,8.037,9.2,380.6,382.3615773,2001.6,75.1,26.2,40.5,0.4,0.0,0.0,17.092,1.84,1.14,384.4,30.683,Phosp Set to 0. Si Set to 0. ,-78.86436,62.8767
-1.642,10,8.066,8.6,353.5,355.0744007,1989.4,79.9,24.3,43.0,0.5,0.0,0.0,16.605,1.95,1.21,357.0,30.674,Phosp Set to 0. Si Set to 0. ,-78.86436,62.8767
-1.652,20,7.950,11.2,469.6,471.6771128,2023.6,62.2,32.3,33.8,0.3,0.0,0.0,18.378,1.52,0.94,474.2,30.699,Phosp Set to 0. Si Set to 0. ,-78.86436,62.8767
-1.641,40,7.990,10.2,425.3,427.1843615,2018.4,68.7,29.2,37.4,0.4,0.0,0.0,17.706,1.67,1.04,429.4,31.014,Phosp Set to 0. Si Set to 0. ,-78.86436,62.8767
-1.49,60,7.972,10.7,445.8,447.8170471,2039.6,68.7,30.3,37.8,0.4,0.0,0.0,17.669,1.65,1.03,450.2,31.937,Phosp Set to 0. Si Set to 0. ,-78.86436,62.8767
-1.446,120,7.958,11.0,460.0,462.0305288,2051.3,68.1,31.1,37.8,0.4,0.0,0.0,17.704,1.61,1.01,464.5,32.449,Phosp Set to 0. Si Set to 0. ,-78.86436,62.8767
-1.22,200,8.071,8.5,347.3,348.9005023,2028.5,89.2,23.2,48.9,0.5,0.0,0.0,15.774,2.07,1.30,350.8,32.641,Phosp Set to 0. Si Set to 0. ,-78.86436,62.8767
-0.76,303,7.978,10.5,430.8,432.7634622,2044.2,74.7,28.3,41.8,0.4,0.0,0.0,17.006,1.70,1.07,435.2,32.86175018,Phosp Set to 0. Si Set to 0. ,-78.86436,62.8767
-0.717,2,8.086,8.2,345.6,347.1147747,2028.2,92.2,22.7,49.4,0.5,0.0,0.0,15.591,2.24,1.40,349.1,32.38,Phosp Set to 0. Si Set to 0. ,-90.03444,63.1845
-0.948,10,8.126,7.5,313.8,315.2194985,2029.6,100.6,20.8,53.4,0.6,0.0,0.0,14.986,2.44,1.52,317.0,32.444,Phosp Set to 0. Si Set to 0. ,-90.03444,63.1845
-1.47,20,8.008,9.8,418.4,420.2562087,2074.4,77.1,28.3,41.8,0.4,0.0,0.0,17.021,1.86,1.16,422.5,32.642,Phosp Set to 0. Si Set to 0. ,-90.03444,63.1845
-1.521,40,8.069,8.5,360.1,361.7715074,2058.2,88.0,24.4,47.6,0.5,0.0,0.0,16.022,2.12,1.32,363.7,32.758,Phosp Set to 0. Si Set to 0. ,-90.03444,63.1845
-1.553,60,7.973,10.6,456.5,458.5155315,2099.6,72.2,30.9,39.2,0.4,0.0,0.0,17.537,1.73,1.08,461.0,32.811,Phosp Set to 0. Si Set to 0. ,-90.03444,63.1845
-1.634,80,7.939,11.5,495.8,497.9956069,2114.6,67.2,33.7,36.7,0.3,0.0,0.0,18.020,1.60,1.00,500.6,32.889,Phosp Set to 0. Si Set to 0. ,-90.03444,63.1845
-1.141,2,8.123,7.5,314.0,315.4533469,2016.4,97.9,21.0,52.3,0.6,0.0,0.0,15.130,2.38,1.49,317.2,32.237,Phosp Set to 0. Si Set to 0. ,-88.417,63.71384
-1.144,10,8.136,7.3,303.7,305.0749587,2011.3,100.6,20.3,53.7,0.6,0.0,0.0,14.909,2.44,1.52,306.7,32.235,Phosp Set to 0. Si Set to 0. ,-88.417,63.71384
-1.206,19,8.128,7.4,309.8,311.2213631,2018.6,99.4,20.7,53.3,0.6,0.0,0.0,15.005,2.41,1.50,312.9,32.444,Phosp Set to 0. Si Set to 0. ,-88.417,63.71384
-1.657,40,8.032,9.3,400.7,402.5479796,2107.7,82.7,27.2,44.3,0.4,0.0,0.0,16.682,1.99,1.24,404.7,32.948,Phosp Set to 0. Si Set to 0. ,-88.417,63.71384
-1.758,60,8.020,9.5,413.2,415.0462478,2125.3,81.5,28.2,43.7,0.4,0.0,0.0,16.834,1.95,1.22,417.2,33.206,Phosp Set to 0. Si Set to 0. ,-88.417,63.71384
-1.803,80,7.982,10.4,454.5,456.5906725,2147.5,75.8,31.0,40.8,0.4,0.0,0.0,17.387,1.80,1.13,459.0,33.414,Phosp Set to 0. Si Set to 0. ,-88.417,63.71384
-1.803,105,8.016,9.6,416.4,418.265281,2134.8,81.7,28.4,43.9,0.4,0.0,0.0,16.842,1.93,1.21,420.4,33.414,Phosp Set to 0. Si Set to 0. ,-88.417,63.71384
-0.454,2,8.140,7.3,307.3,308.6296739,2040.7,107.5,19.9,56.6,0.6,0.0,0.0,14.543,2.60,1.63,310.4,32.877,Phosp Set to 0. Si Set to 0. ,-92.13248,61.84684
-0.539,10,8.158,6.9,292.6,293.8592841,2031.9,111.4,19.0,58.7,0.7,0.0,0.0,14.252,2.69,1.69,295.5,32.883,Phosp Set to 0. Si Set to 0. ,-92.13248,61.84684
-0.567,20,8.162,6.9,288.2,289.5198178,2023.2,111.9,18.8,59.1,0.7,0.0,0.0,14.175,2.70,1.69,291.2,32.883,Phosp Set to 0. Si Set to 0. ,-92.13248,61.84684
-1.133,40,7.963,10.9,466.3,468.4262773,2083.1,71.3,31.0,39.0,0.4,0.0,0.0,17.501,1.71,1.07,471.0,32.958,Phosp Set to 0. Si Set to 0. ,-92.13248,61.84684
-1.15,60,8.086,8.2,347.5,349.0165306,2066.7,94.1,23.1,50.4,0.5,0.0,0.0,15.580,2.25,1.41,350.9,32.971,Phosp Set to 0. Si Set to 0. ,-92.13248,61.84684
-1.118,70,8.110,7.8,327.9,329.3792996,2063.3,99.5,21.8,53.0,0.5,0.0,0.0,15.173,2.37,1.49,331.2,32.982,Phosp Set to 0. Si Set to 0. ,-92.13248,61.84684
-1.281,2,8.068,8.6,354.9,356.5040832,2002.5,83.6,24.0,45.2,0.5,0.0,0.0,16.239,2.04,1.27,358.4,31.542,Phosp Set to 0. Si Set to 0. ,-89.32956,60.91092
-1.236,10,8.116,7.7,316.1,317.4981884,1992.7,93.1,21.3,49.9,0.5,0.0,0.0,15.432,2.27,1.41,319.2,31.537,Phosp Set to 0. Si Set to 0. ,-89.32956,60.91092
-1.547,20,8.062,8.7,362.8,364.4583587,2031.8,83.6,24.7,45.1,0.5,0.0,0.0,16.348,2.03,1.27,366.4,31.907,Phosp Set to 0. Si Set to 0. ,-89.32956,60.91092
-1.596,40,8.023,9.5,400.3,402.1050794,2055.0,77.7,27.3,42.1,0.4,0.0,0.0,16.935,1.87,1.17,404.2,32.16,Phosp Set to 0. Si Set to 0. ,-89.32956,60.91092
-1.437,60,7.962,10.9,463.8,465.8616491,2076.5,69.3,31.3,37.8,0.4,0.0,0.0,17.732,1.66,1.04,468.4,32.392,Phosp Set to 0. Si Set to 0. ,-89.32956,60.91092
-1.217,80,7.953,11.2,475.2,477.3079179,2083.0,69.2,31.8,37.9,0.4,0.0,0.0,17.711,1.65,1.03,479.9,32.736,Phosp Set to 0. Si Set to 0. ,-89.32956,60.91092
-1.226,137,7.830,14.8,641.3,644.2023453,2136.5,54.1,42.8,29.8,0.3,0.0,0.0,19.076,1.27,0.80,647.7,32.95,Phosp Set to 0. Si Set to 0. ,-89.32956,60.91092
0.937,2,8.102,7.9,330.6,332.0812174,1987.5,101.0,20.3,54.0,0.7,0.0,0.0,14.714,2.45,1.53,334.2,32.622,Phosp Set to 0. Si Set to 0. ,-94.0034,60.4212
0.241,10,8.100,7.9,340.5,341.9502173,2053.8,101.7,21.5,53.5,0.6,0.0,0.0,14.981,2.46,1.54,344.0,32.916,Phosp Set to 0. Si Set to 0. ,-94.0034,60.4212
-0.884,20,8.129,7.4,317.5,318.8922974,2069.0,105.1,20.9,55.4,0.6,0.0,0.0,14.808,2.53,1.59,320.7,33.144,Phosp Set to 0. Si Set to 0. ,-94.0034,60.4212
-1.029,40,8.049,8.9,384.5,386.2532513,2092.8,88.1,25.5,47.1,0.5,0.0,0.0,16.146,2.11,1.32,388.4,33.156,Phosp Set to 0. Si Set to 0. ,-94.0034,60.4212
-1.043,53,8.050,8.9,383.6,385.286723,2097.2,88.6,25.4,47.3,0.5,0.0,0.0,16.131,2.12,1.33,387.4,33.157,Phosp Set to 0. Si Set to 0. ,-94.0034,60.4212
0.4571,0,6.229,590.8,1310.4,1316.133642,71.7,0.0,99.8,0.0,0.0,0.0,0.0,1.698,0.00,0.00,1324.4,0.022932195,Phosp Set to 0. Si Set to 0. ,-94.82916944,60.54613056
0.4571,0,6.229,590.8,1310.4,1316.133642,71.7,0.0,99.8,0.0,0.0,0.0,0.0,1.698,0.00,0.00,1324.4,0.022932195,Phosp Set to 0. Si Set to 0. ,-94.82916944,60.54613056
0.2733,0,6.524,299.1,1136.1,1141.097694,123.0,0.1,87.2,0.0,0.0,0.0,0.0,2.390,0.00,0.00,1148.2,0.022536252,Phosp Set to 0. Si Set to 0. ,-94.81666111,60.48505
0.2733,0,6.524,299.1,1136.1,1141.097694,123.0,0.1,87.2,0.0,0.0,0.0,0.0,2.390,0.00,0.00,1148.2,0.022536252,Phosp Set to 0. Si Set to 0. ,-94.81666111,60.48505
0.146,4,8.177,6.7,274.5,275.7318161,1975.4,115.4,17.4,61.2,0.7,0.0,0.0,13.756,2.80,1.75,277.4,32.585,Phosp Set to 0. Si Set to 0. ,-91.78178,60.92294
0.149,10,8.228,5.9,240.1,241.1389663,1944.4,127.8,15.2,67.6,0.8,0.0,0.0,12.941,3.09,1.94,242.6,32.586,Phosp Set to 0. Si Set to 0. ,-91.78178,60.92294
0.168,20,8.192,6.4,263.6,264.8030389,1965.9,119.0,16.7,63.1,0.8,0.0,0.0,13.505,2.87,1.80,266.4,32.571,Phosp Set to 0. Si Set to 0. ,-91.78178,60.92294
-0.746,40,8.083,8.3,347.7,349.2738352,2038.6,92.8,22.8,49.9,0.5,0.0,0.0,15.560,2.23,1.40,351.2,32.668,Phosp Set to 0. Si Set to 0. ,-91.78178,60.92294
-1.492,60,7.979,10.5,448.8,450.807724,2093.9,73.3,30.3,39.9,0.4,0.0,0.0,17.405,1.76,1.10,453.2,32.856,Phosp Set to 0. Si Set to 0. ,-91.78178,60.92294
-1.614,80,7.931,11.7,507.9,510.2326011,2126.2,66.5,34.5,36.2,0.3,0.0,0.0,18.115,1.58,0.99,512.9,32.983,Phosp Set to 0. Si Set to 0. ,-91.78178,60.92294
-1.748,101,7.829,14.8,489.0,491.2265669,1624.9,40.1,33.3,29.2,0.3,0.0,0.0,17.964,0.95,0.60,493.8,33.082,Phosp Set to 0. Si Set to 0. ,-91.78178,60.92294
-1.126,2,8.081,8.3,339.8,341.3289299,1968.7,83.9,22.9,45.4,0.5,0.0,0.0,16.110,2.05,1.28,343.2,30.899,Phosp Set to 0. Si Set to 0. ,-87.78876,61.71076
-1.113,10,8.038,9.2,377.9,379.5984941,1982.9,76.5,25.4,41.5,0.4,0.0,0.0,16.824,1.87,1.16,381.7,30.886,Phosp Set to 0. Si Set to 0. ,-87.78876,61.71076
-1.127,30,8.042,9.1,378.2,379.8789484,2012.7,79.6,25.4,43.1,0.5,0.0,0.0,16.636,1.93,1.20,382.0,31.463,Phosp Set to 0. Si Set to 0. ,-87.78876,61.71076
-1.349,40,7.980,10.5,441.1,443.0957674,2042.4,69.5,29.9,37.7,0.4,0.0,0.0,17.677,1.68,1.05,445.5,31.495,Phosp Set to 0. Si Set to 0. ,-87.78876,61.71076
-1.108,60,7.861,13.8,593.0,595.649481,2097.3,56.2,39.6,30.9,0.3,0.0,0.0,18.886,1.35,0.84,598.9,32.369,Phosp Set to 0. Si Set to 0. ,-87.78876,61.71076
-1.103,81,7.888,12.9,559.0,561.4707235,2109.9,60.7,37.2,33.2,0.3,0.0,0.0,18.543,1.45,0.91,564.6,32.701,Phosp Set to 0. Si Set to 0. ,-87.78876,61.71076
-1.183,121,7.853,14.0,602.8,605.5347028,2112.8,56.3,40.2,31.1,0.3,0.0,0.0,18.857,1.33,0.83,608.8,32.859,Phosp Set to 0. Si Set to 0. ,-87.78876,61.71076
-1.258,178,7.778,16.7,729.1,732.3971545,2163.4,48.7,48.8,26.8,0.3,0.0,0.0,19.414,1.13,0.71,736.4,33.017,Phosp Set to 0. Si Set to 0. ,-87.78876,61.71076
1.203,2,8.169,6.8,278.4,279.6326157,1942.5,113.9,17.0,59.7,0.8,0.0,0.0,13.768,2.77,1.73,281.5,31.705,Phosp Set to 0. Si Set to 0. ,-88.3776,62.20376
0.405,10,8.154,7.0,288.2,289.4327306,1955.9,107.2,18.2,56.8,0.7,0.0,0.0,14.240,2.60,1.63,291.2,31.71,Phosp Set to 0. Si Set to 0. ,-88.3776,62.20376
0.325,20,8.162,6.9,281.7,282.9358395,1955.2,109.1,17.8,57.8,0.7,0.0,0.0,14.112,2.64,1.65,284.7,31.729,Phosp Set to 0. Si Set to 0. ,-88.3776,62.20376
-1.347,40,8.092,8.1,336.2,337.6982104,2024.5,91.7,22.6,49.7,0.5,0.0,0.0,15.589,2.21,1.38,339.5,32.546,Phosp Set to 0. Si Set to 0. ,-88.3776,62.20376
-1.508,60,7.952,11.2,476.8,478.9788457,2088.4,68.3,32.3,37.4,0.4,0.0,0.0,17.839,1.64,1.02,481.5,32.644,Phosp Set to 0. Si Set to 0. ,-88.3776,62.20376
-1.364,80,7.922,12.0,512.6,514.8988845,2096.3,64.5,34.5,35.4,0.3,0.0,0.0,18.182,1.54,0.96,517.7,32.709,Phosp Set to 0. Si Set to 0. ,-88.3776,62.20376
-1.677,120,7.920,12.0,516.2,518.5299424,2120.6,64.7,35.1,35.4,0.3,0.0,0.0,18.253,1.53,0.96,521.3,32.91,Phosp Set to 0. Si Set to 0. ,-88.3776,62.20376
0.81,2,8.144,7.2,299.7,301.0162532,1988.9,110.6,18.5,58.3,0.7,0.0,0.0,14.117,2.68,1.68,302.9,32.519,Phosp Set to 0. Si Set to 0. ,-90.92294,62.5833
0.482,10,8.122,7.6,316.8,318.2092251,2002.1,104.3,19.8,55.3,0.7,0.0,0.0,14.581,2.52,1.58,320.2,32.529,Phosp Set to 0. Si Set to 0. ,-90.92294,62.5833
0.161,20,8.128,7.4,311.4,312.7405957,2005.0,104.7,19.7,55.6,0.7,0.0,0.0,14.569,2.53,1.58,314.6,32.53,Phosp Set to 0. Si Set to 0. ,-90.92294,62.5833
-0.846,40,8.061,8.7,365.4,367.0007916,2039.2,87.8,24.1,47.4,0.5,0.0,0.0,15.958,2.11,1.32,369.1,32.583,Phosp Set to 0. Si Set to 0. ,-90.92294,62.5833
-1.03,55,8.075,8.4,352.5,354.0903796,2038.6,90.1,23.4,48.7,0.5,0.0,0.0,15.776,2.16,1.35,356.0,32.599,Phosp Set to 0. Si Set to 0. ,-90.92294,62.5833
1.228,2,8.310,4.9,193.7,194.5832759,1873.6,154.3,11.8,80.1,1.1,0.0,0.0,11.545,3.74,2.34,195.9,32.298,Phosp Set to 0. Si Set to 0. ,-89.83242,62.41456
1.157,10,8.156,7.0,288.5,289.7898318,1961.0,113.1,17.6,59.7,0.8,0.0,0.0,13.849,2.74,1.71,291.7,32.296,Phosp Set to 0. Si Set to 0. ,-89.83242,62.41456
0.445,20,8.228,5.9,239.9,240.9739485,1936.5,128.0,15.1,67.4,0.8,0.0,0.0,12.923,3.09,1.93,242.5,32.304,Phosp Set to 0. Si Set to 0. ,-89.83242,62.41456
-1.143,40,8.107,7.8,326.2,327.6764437,2028.2,95.8,21.8,51.5,0.5,0.0,0.0,15.301,2.31,1.44,329.5,32.557,Phosp Set to 0. Si Set to 0. ,-89.83242,62.41456
-1.504,60,7.967,10.8,460.1,462.2028232,2086.8,70.7,31.1,38.6,0.4,0.0,0.0,17.621,1.69,1.06,464.7,32.666,Phosp Set to 0. Si Set to 0. ,-89.83242,62.41456
-1.507,80,7.942,11.4,492.4,494.6531588,2112.9,67.8,33.3,36.8,0.4,0.0,0.0,17.981,1.62,1.01,497.3,32.756,Phosp Set to 0. Si Set to 0. ,-89.83242,62.41456
-1.548,2,8.018,9.6,398.9,400.6874899,2004.1,72.3,27.4,39.1,0.4,0.0,0.0,17.344,1.77,1.10,402.8,30.759,Phosp Set to 0. Si Set to 0. ,-84.30816,61.7697
-1.53,10,8.287,5.2,201.5,202.4429446,1881.8,126.2,13.8,66.8,0.8,0.0,0.0,12.874,3.08,1.92,203.5,30.753,Phosp Set to 0. Si Set to 0. ,-84.30816,61.7697
-1.554,20,8.085,8.2,338.2,339.7367856,1987.0,83.7,23.2,45.0,0.5,0.0,0.0,16.247,2.04,1.27,341.5,30.76,Phosp Set to 0. Si Set to 0. ,-84.30816,61.7697
-1.363,40,7.954,11.1,470.6,472.7207802,2052.5,65.8,31.9,35.7,0.4,0.0,0.0,18.067,1.59,0.99,475.3,31.474,Phosp Set to 0. Si Set to 0. ,-84.30816,61.7697
-1.508,60,8.015,9.7,406.1,407.8823559,2051.4,76.2,27.6,41.3,0.4,0.0,0.0,17.076,1.83,1.14,410.1,31.918,Phosp Set to 0. Si Set to 0. ,-84.30816,61.7697
-1.213,80,7.970,10.7,450.3,452.2964931,2050.7,70.2,30.2,38.7,0.4,0.0,0.0,17.527,1.68,1.05,454.8,32.324,Phosp Set to 0. Si Set to 0. ,-84.30816,61.7697
-0.968,120,7.980,10.5,441.5,443.4970763,2067.6,74.1,29.2,40.6,0.4,0.0,0.0,17.223,1.75,1.10,446.0,32.661,Phosp Set to 0. Si Set to 0. ,-84.30816,61.7697
-1.036,166,7.886,13.0,554.6,557.0719982,2104.3,61.0,36.8,33.6,0.3,0.0,0.0,18.478,1.43,0.89,560.1,32.812,Phosp Set to 0. Si Set to 0. ,-84.30816,61.7697
1.572,2,8.129,7.4,321.0,322.365636,2008.0,100.4,19.8,48.2,0.7,0.0,0.0,15.371,2.48,1.53,324.5,28.447,Phosp Set to 0. Si Set to 0. ,-91.79704,57.50016
0.377,10,8.135,7.3,316.0,317.3553742,2036.4,101.0,20.2,49.5,0.7,0.0,0.0,15.361,2.48,1.54,319.3,29.455,Phosp Set to 0. Si Set to 0. ,-91.79704,57.50016
-1.49,20,8.064,8.6,375.4,377.0636436,2109.2,87.2,25.5,45.2,0.5,0.0,0.0,16.489,2.12,1.32,379.1,31.807,Phosp Set to 0. Si Set to 0. ,-91.79704,57.50016
-1.499,30,8.066,8.6,372.9,374.5399098,2108.6,87.7,25.4,45.5,0.5,0.0,0.0,16.438,2.12,1.32,376.5,31.844,Phosp Set to 0. Si Set to 0. ,-91.79704,57.50016
-1.501,37,8.129,7.4,316.7,318.101828,2073.6,99.8,21.5,51.8,0.5,0.0,0.0,15.341,2.41,1.51,319.8,31.856,Phosp Set to 0. Si Set to 0. ,-91.79704,57.50016
20.6724,0,7.933,11.7,689.8,692.0830084,1617.4,41.9,26.5,0.1,0.7,0.0,0.0,25.861,0.21,0.13,709.1,0.09344034,Phosp Set to 0. Si Set to 0. ,-92.2924,56.9955
21.9251,0,7.851,14.1,924.4,927.4990792,1777.5,40.0,34.2,0.1,0.7,0.0,0.0,25.849,0.26,0.17,952.2,0.131605451,Phosp Set to 0. Si Set to 0. ,-92.6305,56.9659
-0.945,2,8.137,7.3,288.7,289.9622786,1881.7,87.1,19.6,46.3,0.6,0.0,0.0,15.634,2.15,1.33,291.6,28.754,Phosp Set to 0. Si Set to 0. ,-88.14582,56.9809
-1.501,10,8.241,5.7,237.8,238.8405954,1992.5,118.7,16.3,59.8,0.7,0.0,0.0,13.906,2.91,1.80,240.1,30.192,Phosp Set to 0. Si Set to 0. ,-88.14582,56.9809
-1.628,24,8.053,8.9,378.1,379.8495278,2068.9,81.5,26.0,42.8,0.4,0.0,0.0,16.830,1.98,1.23,381.9,31.142,Phosp Set to 0. Si Set to 0. ,-88.14582,56.9809
19.3592,0,7.006,98.6,3764.0,3776.927195,1054.0,3.1,150.1,0.0,0.1,0.0,0.0,7.866,0.01,0.01,3862.5,0.069923697,Phosp Set to 0. Si Set to 0. ,-87.7081,55.9603
0.211,2,8.025,9.5,391.7,393.3908607,1941.3,71.1,25.5,36.6,0.5,0.0,0.0,17.531,1.76,1.08,395.8,27.928,Phosp Set to 0. Si Set to 0. ,-86.86754,56.50014
-0.996,10,7.993,10.2,437.8,439.7623354,2064.0,71.0,29.5,36.8,0.4,0.0,0.0,17.863,1.74,1.08,442.2,30.188,Phosp Set to 0. Si Set to 0. ,-86.86754,56.50014
-1.687,20,8.016,9.6,413.1,415.0052939,2079.9,76.0,28.3,40.4,0.4,0.0,0.0,17.292,1.85,1.15,417.2,31.629,Phosp Set to 0. Si Set to 0. ,-86.86754,56.50014
-1.699,30,7.967,10.8,465.5,467.595877,2096.9,68.5,31.9,36.6,0.4,0.0,0.0,18.014,1.66,1.04,470.1,31.682,Phosp Set to 0. Si Set to 0. ,-86.86754,56.50014
-1.699,33,8.005,9.9,423.4,425.3489748,2084.4,74.4,29.0,39.7,0.4,0.0,0.0,17.439,1.80,1.12,427.6,31.682,Phosp Set to 0. Si Set to 0. ,-86.86754,56.50014
-1.516,2,8.054,8.8,367.4,369.0098464,2008.0,79.1,25.1,42.4,0.4,0.0,0.0,16.745,1.94,1.20,371.0,30.863,Phosp Set to 0. Si Set to 0. ,-86.4995,57.17952
-1.537,10,7.978,10.5,441.5,443.4585689,2031.5,67.8,30.2,36.9,0.4,0.0,0.0,17.820,1.65,1.03,445.8,31.235,Phosp Set to 0. Si Set to 0. ,-86.4995,57.17952
-1.584,20,8.018,9.6,402.7,404.4679558,2034.4,74.6,27.5,40.3,0.4,0.0,0.0,17.210,1.81,1.13,406.6,31.378,Phosp Set to 0. Si Set to 0. ,-86.4995,57.17952
-1.631,30,7.980,10.5,443.1,445.0560119,2054.7,69.1,30.4,37.3,0.4,0.0,0.0,17.794,1.67,1.04,447.4,31.453,Phosp Set to 0. Si Set to 0. ,-86.4995,57.17952
-1.691,40,7.942,11.4,487.1,489.2829412,2075.9,64.5,33.4,35.1,0.3,0.0,0.0,18.233,1.56,0.97,491.9,31.877,Phosp Set to 0. Si Set to 0. ,-86.4995,57.17952
-1.687,51,8.028,9.4,395.3,397.0481655,2056.0,77.9,27.1,42.1,0.4,0.0,0.0,16.958,1.88,1.17,399.1,31.895,Phosp Set to 0. Si Set to 0. ,-86.4995,57.17952
-1.604,2,8.039,9.1,383.3,385.0405555,2032.5,78.8,26.2,42.7,0.4,0.0,0.0,16.773,1.92,1.20,387.1,31.777,Phosp Set to 0. Si Set to 0. ,-86.03108,57.77404
-1.604,10,8.039,9.2,384.2,385.9548069,2036.5,78.9,26.2,42.7,0.4,0.0,0.0,16.787,1.92,1.20,388.0,31.774,Phosp Set to 0. Si Set to 0. ,-86.03108,57.77404
-1.625,20,7.985,10.4,441.1,443.1101033,2068.7,71.0,30.1,38.3,0.4,0.0,0.0,17.635,1.72,1.07,445.5,31.86,Phosp Set to 0. Si Set to 0. ,-86.03108,57.77404
-1.678,30,8.003,9.9,421.0,422.9115234,2066.4,74.2,28.8,40.1,0.4,0.0,0.0,17.312,1.80,1.12,425.1,32.039,Phosp Set to 0. Si Set to 0. ,-86.03108,57.77404
-1.706,40,7.259,55.1,2261.6,2271.816415,2003.7,13.0,154.8,7.9,0.1,0.0,0.0,12.395,0.31,0.20,2283.8,32.148,Phosp Set to 0. Si Set to 0. ,-86.03108,57.77404
-1.729,60,8.005,9.9,420.0,421.8579427,2076.7,75.2,28.8,40.7,0.4,0.0,0.0,17.257,1.80,1.13,424.1,32.223,Phosp Set to 0. Si Set to 0. ,-86.03108,57.77404
-1.722,80,7.921,12.0,516.2,518.5575841,2108.4,63.1,35.3,34.3,0.3,0.0,0.0,18.430,1.51,0.94,521.3,32.297,Phosp Set to 0. Si Set to 0. ,-86.03108,57.77404
-1.604,100,7.963,10.9,466.0,468.068771,2101.1,70.0,31.7,38.0,0.4,0.0,0.0,17.786,1.66,1.04,470.5,32.452,Phosp Set to 0. Si Set to 0. ,-86.03108,57.77404
-1.413,2,8.242,5.7,218.7,219.6390708,1832.9,108.7,15.0,58.9,0.7,0.0,0.0,13.678,2.67,1.66,220.8,29.74,Phosp Set to 0. Si Set to 0. ,-86.22546,58.46916
-1.575,11,8.027,9.4,395.6,397.3954451,2041.3,77.0,27.0,41.6,0.4,0.0,0.0,16.981,1.87,1.17,399.5,31.727,Phosp Set to 0. Si Set to 0. ,-86.22546,58.46916
-1.583,20,8.073,8.5,353.3,354.9008741,2029.7,85.5,24.1,46.1,0.5,0.0,0.0,16.181,2.07,1.29,356.8,31.903,Phosp Set to 0. Si Set to 0. ,-86.22546,58.46916
-1.667,30,8.337,4.6,178.5,179.3495279,1890.1,146.8,12.2,77.8,0.9,0.0,0.0,11.888,3.55,2.22,180.3,32.138,Phosp Set to 0. Si Set to 0. ,-86.22546,58.46916
-1.692,40,8.082,8.3,346.6,348.1705194,2043.0,88.3,23.7,47.5,0.5,0.0,0.0,16.000,2.13,1.33,350.0,32.166,Phosp Set to 0. Si Set to 0. ,-86.22546,58.46916
-1.722,60,7.998,10.0,427.1,429.0386098,2080.4,74.3,29.2,40.2,0.4,0.0,0.0,17.342,1.78,1.11,431.3,32.283,Phosp Set to 0. Si Set to 0. ,-86.22546,58.46916
-1.642,80,8.194,6.4,259.9,261.0693848,1992.2,112.7,17.7,60.4,0.6,0.0,0.0,13.999,2.69,1.68,262.4,32.467,Phosp Set to 0. Si Set to 0. ,-86.22546,58.46916
-1.364,100,7.762,17.3,760.5,763.8816051,2154.9,46.0,51.1,25.3,0.2,0.0,0.0,19.512,1.09,0.68,768.0,32.767,Phosp Set to 0. Si Set to 0. ,-86.22546,58.46916
-1.256,120,7.808,15.6,682.7,685.7938975,2156.1,51.6,45.7,28.2,0.3,0.0,0.0,19.286,1.22,0.76,689.5,32.885,Phosp Set to 0. Si Set to 0. ,-86.22546,58.46916
-1.265,140,7.929,11.8,506.4,508.6926215,2119.2,67.3,33.9,36.7,0.4,0.0,0.0,18.009,1.58,0.99,511.5,32.993,Phosp Set to 0. Si Set to 0. ,-86.22546,58.46916
-1.495,2,8.055,8.8,369.2,370.8423213,2027.6,81.8,25.1,44.1,0.5,0.0,0.0,16.499,1.99,1.24,372.8,31.731,Phosp Set to 0. Si Set to 0. ,-86.30144,58.73058
-1.565,10,8.380,4.2,158.6,159.3227328,1844.2,157.4,10.8,83.2,1.0,0.0,0.0,11.331,3.83,2.39,160.2,31.853,Phosp Set to 0. Si Set to 0. ,-86.30144,58.73058
-1.59,20,8.053,8.9,373.3,374.9528651,2047.7,82.6,25.4,44.5,0.4,0.0,0.0,16.503,2.00,1.25,376.9,32.029,Phosp Set to 0. Si Set to 0. ,-86.30144,58.73058
-1.633,30,8.337,4.6,178.7,179.5042378,1891.3,147.2,12.2,78.0,0.9,0.0,0.0,11.875,3.56,2.22,180.5,32.175,Phosp Set to 0. Si Set to 0. ,-86.30144,58.73058
-1.673,40,8.012,9.7,414.5,416.3358896,2076.6,76.5,28.3,41.3,0.4,0.0,0.0,17.135,1.84,1.15,418.5,32.269,Phosp Set to 0. Si Set to 0. ,-86.30144,58.73058
-1.73,60,7.987,10.3,441.0,442.9958959,2092.7,72.9,30.2,39.4,0.4,0.0,0.0,17.512,1.75,1.09,445.3,32.368,Phosp Set to 0. Si Set to 0. ,-86.30144,58.73058
-1.576,80,7.909,12.3,532.9,535.3442573,2116.6,62.4,36.2,34.0,0.3,0.0,0.0,18.481,1.49,0.93,538.2,32.542,Phosp Set to 0. Si Set to 0. ,-86.30144,58.73058
-1.382,100,7.824,15.0,655.5,658.4734603,2146.9,52.9,44.1,28.9,0.3,0.0,0.0,19.219,1.25,0.79,662.0,32.757,Phosp Set to 0. Si Set to 0. ,-86.30144,58.73058
-1.266,120,7.763,17.3,757.5,760.9308442,2155.9,46.5,50.7,25.6,0.2,0.0,0.0,19.479,1.10,0.69,765.1,32.876,Phosp Set to 0. Si Set to 0. ,-86.30144,58.73058
-1.258,140,7.737,18.3,807.0,810.5849451,2167.8,44.2,54.0,24.3,0.2,0.0,0.0,19.522,1.04,0.65,815.0,32.961,Phosp Set to 0. Si Set to 0. ,-86.30144,58.73058
-1.307,160,7.706,19.7,869.6,873.5513301,2185.0,41.6,58.2,22.9,0.2,0.0,0.0,19.516,0.97,0.61,878.3,33.053,Phosp Set to 0. Si Set to 0. ,-86.30144,58.73058
-1.332,170,7.669,21.4,952.5,956.7353064,2198.2,38.4,63.8,21.1,0.2,0.0,0.0,19.400,0.90,0.56,961.9,33.093,Phosp Set to 0. Si Set to 0. ,-86.30144,58.73058
-1.457,2,8.197,6.4,256.3,257.4195844,1953.7,109.9,17.4,59.1,0.6,0.0,0.0,14.035,2.68,1.67,258.8,31.86,Phosp Set to 0. Si Set to 0. ,-87.43868,58.4753
-1.521,10,8.213,6.1,247.4,248.5031411,1960.5,114.5,16.8,61.1,0.7,0.0,0.0,13.789,2.78,1.74,249.8,31.953,Phosp Set to 0. Si Set to 0. ,-87.43868,58.4753
-1.63,21,8.179,6.6,269.2,270.4581519,1977.2,106.9,18.4,57.6,0.6,0.0,0.0,14.310,2.59,1.62,271.9,32.2,Phosp Set to 0. Si Set to 0. ,-87.43868,58.4753
-1.686,30,8.142,7.2,298.7,300.0144888,2017.7,100.4,20.4,53.9,0.5,0.0,0.0,14.948,2.42,1.51,301.6,32.342,Phosp Set to 0. Si Set to 0. ,-87.43868,58.4753
-1.719,40,8.040,9.1,389.9,391.6311013,2085.3,82.1,26.6,44.0,0.4,0.0,0.0,16.689,1.98,1.24,393.7,32.43,Phosp Set to 0. Si Set to 0. ,-87.43868,58.4753
-1.746,61,7.954,11.1,479.2,481.3782588,2112.1,68.5,32.8,37.0,0.4,0.0,0.0,17.962,1.64,1.03,483.9,32.513,Phosp Set to 0. Si Set to 0. ,-87.43868,58.4753
-1.662,80,7.974,10.6,458.9,460.9684763,2121.7,72.5,31.3,38.9,0.4,0.0,0.0,17.650,1.73,1.08,463.4,32.598,Phosp Set to 0. Si Set to 0. ,-87.43868,58.4753
-1.378,100,7.787,16.3,718.3,721.5690978,2159.4,48.9,48.3,26.7,0.3,0.0,0.0,19.431,1.16,0.73,725.5,32.818,Phosp Set to 0. Si Set to 0. ,-87.43868,58.4753
-1.314,120,7.749,17.8,790.4,793.9398438,2180.3,45.5,53.0,24.8,0.2,0.0,0.0,19.547,1.07,0.67,798.2,32.894,Phosp Set to 0. Si Set to 0. ,-87.43868,58.4753
-1.299,140,7.739,18.2,806.3,809.910901,2180.9,44.6,54.0,24.4,0.2,0.0,0.0,19.548,1.05,0.66,814.3,32.943,Phosp Set to 0. Si Set to 0. ,-87.43868,58.4753
-1.314,160,7.717,19.2,847.9,851.7126113,2186.1,42.6,56.8,23.4,0.2,0.0,0.0,19.544,1.00,0.63,856.3,33.008,Phosp Set to 0. Si Set to 0. ,-87.43868,58.4753
-1.333,173,7.764,17.2,761.6,765.0608856,2187.7,47.5,51.1,25.9,0.2,0.0,0.0,19.504,1.11,0.69,769.2,33.05,Phosp Set to 0. Si Set to 0. ,-87.43868,58.4753
-1.516,2,8.107,7.8,320.5,321.9672191,1986.5,90.5,21.8,49.2,0.5,0.0,0.0,15.568,2.20,1.37,323.7,31.787,Phosp Set to 0. Si Set to 0. ,-88.58254,58.24012
-1.526,10,8.368,4.3,171.5,172.29722,1938.4,161.0,11.7,81.4,0.9,0.0,0.0,11.629,3.91,2.44,173.2,31.827,Phosp Set to 0. Si Set to 0. ,-88.58254,58.24012
-1.589,20,8.020,9.5,401.6,403.3855471,2044.3,76.4,27.4,41.5,0.4,0.0,0.0,17.016,1.85,1.16,405.5,31.965,Phosp Set to 0. Si Set to 0. ,-88.58254,58.24012
-1.654,30,8.002,10.0,421.8,423.7112494,2061.6,73.9,28.8,40.2,0.4,0.0,0.0,17.299,1.79,1.12,425.9,32.114,Phosp Set to 0. Si Set to 0. ,-88.58254,58.24012
-1.695,40,7.993,10.2,432.4,434.3214049,2074.2,73.1,29.6,39.7,0.4,0.0,0.0,17.416,1.76,1.10,436.6,32.269,Phosp Set to 0. Si Set to 0. ,-88.58254,58.24012
-1.642,60,8.085,8.2,344.2,345.8021973,2050.9,90.4,23.4,48.8,0.5,0.0,0.0,15.823,2.17,1.36,347.6,32.552,Phosp Set to 0. Si Set to 0. ,-88.58254,58.24012
-1.574,75,7.784,16.4,721.9,725.1482058,2151.8,47.7,49.0,26.1,0.2,0.0,0.0,19.493,1.14,0.71,729.0,32.641,Phosp Set to 0. Si Set to 0. ,-88.58254,58.24012
-0.978,2,8.097,8.0,329.8,331.2533602,1972.2,86.2,22.2,45.6,0.5,0.0,0.0,16.039,2.11,1.31,333.1,30.204,Phosp Set to 0. Si Set to 0. ,-89.78046,58.0194
-1.251,10,8.160,6.9,288.0,289.2755232,2003.9,101.1,19.5,52.2,0.6,0.0,0.0,15.040,2.47,1.54,290.8,30.528,Phosp Set to 0. Si Set to 0. ,-89.78046,58.0194
-1.564,20,8.001,10.0,429.9,431.8569239,2090.6,74.2,29.3,39.3,0.4,0.0,0.0,17.496,1.80,1.12,434.2,31.633,Phosp Set to 0. Si Set to 0. ,-89.78046,58.0194
-1.725,30,7.916,12.1,525.0,527.3882381,2108.8,62.4,35.9,34.0,0.3,0.0,0.0,18.461,1.51,0.94,530.2,32.457,Phosp Set to 0. Si Set to 0. ,-89.78046,58.0194
-1.735,40,7.971,10.7,457.9,460.0163495,2094.7,70.5,31.3,38.3,0.4,0.0,0.0,17.705,1.70,1.06,462.4,32.487,Phosp Set to 0. Si Set to 0. ,-89.78046,58.0194
-1.736,62,7.973,10.6,456.3,458.3756485,2099.2,71.0,31.2,38.5,0.4,0.0,0.0,17.685,1.70,1.06,460.8,32.489,Phosp Set to 0. Si Set to 0. ,-89.78046,58.0194
0.105,3,8.223,6.0,238.5,239.5235718,1902.4,120.2,15.2,63.9,0.8,0.0,0.0,13.222,2.93,1.83,241.0,31.495,Phosp Set to 0. Si Set to 0. ,-81.96378,63.19116
0.105,10,8.165,6.8,276.1,277.2744937,1925.4,106.4,17.7,57.0,0.7,0.0,0.0,14.148,2.59,1.61,278.9,31.503,Phosp Set to 0. Si Set to 0. ,-81.96378,63.19116
0.192,20,8.119,7.6,312.2,313.5615368,1961.5,98.3,19.9,52.6,0.6,0.0,0.0,14.873,2.38,1.49,315.5,31.63,Phosp Set to 0. Si Set to 0. ,-81.96378,63.19116
-0.203,30,8.126,7.5,306.3,307.6404114,1967.2,99.3,19.8,53.4,0.6,0.0,0.0,14.798,2.40,1.50,309.4,31.906,Phosp Set to 0. Si Set to 0. ,-81.96378,63.19116
-0.382,40,8.120,7.6,313.0,314.376282,1991.7,99.5,20.3,53.5,0.6,0.0,0.0,14.869,2.40,1.50,316.2,32.312,Phosp Set to 0. Si Set to 0. ,-81.96378,63.19116
-1.143,60,7.945,11.4,485.3,487.4721635,2082.2,67.7,32.4,36.9,0.4,0.0,0.0,17.886,1.62,1.01,490.1,32.448,Phosp Set to 0. Si Set to 0. ,-81.96378,63.19116
-1.274,183,7.876,13.3,565.0,567.4906669,2101.8,58.9,37.9,32.6,0.3,0.0,0.0,18.655,1.37,0.86,570.6,32.72480376,Phosp Set to 0. Si Set to 0. ,-81.96378,63.19116
1.362,2,8.148,7.1,280.7,281.8784558,1851.8,99.8,17.3,53.4,0.8,0.0,0.0,14.344,2.45,1.52,283.7,29.983,Phosp Set to 0. Si Set to 0. ,-91.95026,59.97524
1.337,10,8.176,6.7,268.6,269.7912826,1894.2,109.4,16.5,57.0,0.8,0.0,0.0,13.940,2.67,1.66,271.6,30.18,Phosp Set to 0. Si Set to 0. ,-91.95026,59.97524
-1.01,20,8.120,7.6,319.0,320.4103864,2035.0,98.6,21.2,52.2,0.6,0.0,0.0,15.186,2.39,1.49,322.2,32.175,Phosp Set to 0. Si Set to 0. ,-91.95026,59.97524
-1.527,30,8.022,9.5,404.9,406.7615699,2074.6,79.3,27.4,42.9,0.4,0.0,0.0,16.841,1.91,1.20,408.9,32.594,Phosp Set to 0. Si Set to 0. ,-91.95026,59.97524
-1.658,40,7.913,12.2,528.1,530.4410655,2110.1,62.5,36.0,34.2,0.3,0.0,0.0,18.418,1.51,0.94,533.2,32.661,Phosp Set to 0. Si Set to 0. ,-91.95026,59.97524
-1.577,80,7.861,13.8,603.2,605.9098878,2147.4,57.1,40.9,31.1,0.3,0.0,0.0,18.948,1.36,0.85,609.1,32.85,Phosp Set to 0. Si Set to 0. ,-91.95026,59.97524
10.5368,0,7.568,27.0,1015.3,1019.199686,1113.5,8.4,53.5,0.0,0.1,0.0,0.0,18.991,0.04,0.02,1032.2,0.089525738,Phosp Set to 0. Si Set to 0. ,-94.2033,58.6781
13.8158,0,7.374,42.3,1105.1,1109.156574,753.6,4.1,52.3,0.0,0.1,0.0,0.0,14.326,0.01,0.01,1126.7,0.054149291,Phosp Set to 0. Si Set to 0. ,-94.7031,58.8831
6.966,2,7.997,10.1,474.7,476.5825146,1961.9,71.1,25.2,26.7,0.8,0.0,0.0,18.938,1.82,1.09,481.3,20.171,Phosp Set to 0. Si Set to 0. ,-91.95622,57.22078
1.067,11,8.031,9.3,407.9,409.704174,2059.2,83.0,25.4,41.2,0.6,0.0,0.0,16.848,2.03,1.26,412.3,29.62,Phosp Set to 0. Si Set to 0. ,-92.06306,57.29682
2.083,11,8.070,8.5,375.8,377.3850769,2048.9,92.5,22.6,44.4,0.7,0.0,0.0,16.122,2.27,1.41,380.0,28.918,Phosp Set to 0. Si Set to 0. ,-91.95622,57.22078
1.729,10,7.963,10.9,497.2,499.3764786,2131.7,75.6,30.2,36.7,0.5,0.0,0.0,17.820,1.85,1.15,502.8,29.738,Phosp Set to 0. Si Set to 0. ,-91.81716,57.49392
-1.039,20,8.050,8.9,388.5,390.2182723,2103.0,85.2,26.0,44.0,0.5,0.0,0.0,16.652,2.07,1.29,392.4,31.531,Phosp Set to 0. Si Set to 0. ,-91.81716,57.49392
-1.279,30,8.037,9.2,400.8,402.6272312,2113.3,82.7,27.0,42.9,0.4,0.0,0.0,16.885,2.00,1.25,404.8,31.725,Phosp Set to 0. Si Set to 0. ,-91.81716,57.49392
-1.279,36,8.013,9.7,423.0,424.8792417,2115.6,78.5,28.5,40.9,0.4,0.0,0.0,17.245,1.90,1.18,427.2,31.721,Phosp Set to 0. Si Set to 0. ,-91.81716,57.49392
6.109,3,8.027,9.4,433.1,434.8515405,1973.4,79.2,23.4,32.0,0.8,0.0,0.0,17.809,2.01,1.21,438.9,22.398,Phosp Set to 0. Si Set to 0. ,-92.07298,57.39878
3.358,8,8.014,9.7,437.4,439.2418457,2051.4,81.7,25.4,37.7,0.7,0.0,0.0,17.258,2.02,1.25,442.6,27.154,Phosp Set to 0. Si Set to 0. ,-92.07298,57.39878
4.326,3,8.018,9.6,429.4,431.1688144,2007.1,82.6,24.1,37.9,0.7,0.0,0.0,17.011,2.05,1.26,434.7,26.612,Phosp Set to 0. Si Set to 0. ,-91.97612,57.39594
-0.195,20,8.038,9.2,399.9,401.6621006,2085.7,83.6,26.0,42.6,0.5,0.0,0.0,16.787,2.03,1.27,404.0,30.787,Phosp Set to 0. Si Set to 0. ,-91.97612,57.39594
3.573,3,8.072,8.5,376.8,378.4208238,2026.5,95.1,21.6,44.3,0.8,0.0,0.0,15.919,2.35,1.45,381.3,27.953,Phosp Set to 0. Si Set to 0. ,-91.86702,57.39382
-0.171,10,8.097,8.0,346.7,348.2107011,2070.1,95.2,22.5,48.1,0.6,0.0,0.0,15.783,2.32,1.45,350.3,30.836,Phosp Set to 0. Si Set to 0. ,-91.86702,57.39382
-0.8,0,7.966,10.8,606.9,609.6556877,2233.4,40.8,45.5,9.1,0.3,0.0,0.0,25.312,1.08,0.60,613.1,11.10277,Phosp Set to 0. Si Set to 0. ,-91.71280556,57.16013889
-0.8,3.5,8.408,3.9,210.3,211.2879782,2137.2,107.6,15.8,22.3,0.7,0.0,0.0,18.600,2.86,1.59,212.5,11.05,Phosp Set to 0. Si Set to 0. ,-91.71280556,57.16013889
-1,0,8.085,8.2,421.2,423.0868741,2247.4,69.0,30.4,23.3,0.4,0.0,0.0,21.175,1.77,1.04,425.4,18.77878,Phosp Set to 0. Si Set to 0. ,-91.40486111,57.24561111
-1,2,8.269,5.4,264.6,265.7865848,2174.9,104.4,19.0,35.5,0.6,0.0,0.0,17.348,2.67,1.57,267.3,19.48441,Phosp Set to 0. Si Set to 0. ,-91.40486111,57.24561111
-1.55,0,8.087,8.2,385.0,386.7651276,2235.7,88.0,26.8,39.6,0.5,0.0,0.0,17.621,2.18,1.34,388.8,28,Phosp Set to 0. Si Set to 0. ,-90.9214,57.2986
-1.55,2,8.126,7.5,350.0,351.5483356,2228.0,96.2,24.4,43.0,0.5,0.0,0.0,16.931,2.38,1.47,353.4,28,Phosp Set to 0. Si Set to 0. ,-90.9214,57.2986
0.48,0,7.856,13.9,860.9,864.6564969,1997.2,19.6,65.5,0.0,0.1,0.0,0.0,24.647,0.04,0.03,870.1,0.04,Phosp Set to 0. Si Set to 0. ,-91.71280556,57.16013889
-0.12,3,7.957,11.0,661.3,664.2437105,2029.4,26.6,50.9,1.1,0.2,0.0,0.0,27.225,0.63,0.35,668.2,2.08,Phosp Set to 0. Si Set to 0. ,-91.71280556,57.16013889
0,0,7.929,11.8,659.6,662.5385519,1818.6,20.6,51.2,0.0,0.1,0.0,0.0,26.601,0.01,0.01,666.6,0.01,Phosp Set to 0. Si Set to 0. ,-92.31252778,56.98455556
